Author,Post Content,Comments
"{'name': 'N/A', 'profile_url': 'https://www.linkedin.com/in/ajitcodes?miniProfileUrn=urn%3Ali%3Afsd_profile%3AACoAADMw5UkB5S37gFJQDcHCYbiGRZIsbyKFreI'}","Master Artificial Intelligence with Beautiful Handwritten Notes! âœï¸ğŸ¤–Unlock AI concepts with clarity and ease: âœ… Neatly structured explanations âœ… Easy-to-understand diagrams âœ… Covers ML, Deep Learning, NLP & more Free Courses you will regret not taking in 2025 ğŸ‘‡:ğŸ”¥7000+ free courses free access: https://lnkd.in/gtjrrqwi1. Google data Analytics:â†’ https://lnkd.in/gBjbwiZW2. Google Project Management:â†’ https://lnkd.in/d-nTbsxA3. Foundations of Project Management: â†’ https://lnkd.in/g-XJuJBi4. Google Introduction to Generative AI: â†’ https://lnkd.in/gwaWewce5. Google Cybersecurity: â†’ https://lnkd.in/gRDM9Z-u6. Google UX Design:â†’ https://lnkd.in/dVBDiUXX 7. Google Digital Marketing & E-commerce:â†’ https://lnkd.in/dm6WuNYR 8. Google IT Support:â†’ https://lnkd.in/dbJvRjed9. Web Applications for Everybody Specialization: â†’ https://lnkd.in/dXD6J5gr10. Get Started with Python:â†’ https://lnkd.in/dghiBatd11. Learn Python Basics for Data Analysis:â†’ https://lnkd.in/d_rR29MN12. Google Advanced Data Analytics Capstoneâ†’ https://lnkd.in/dpY9VCgfDownload This complete PDF From Telegram: https://t.me/CodeNotebook",No comments
"{'name': 'N/A', 'profile_url': 'https://www.linkedin.com/in/ajitcodes?miniProfileUrn=urn%3Ali%3Afsd_profile%3AACoAADMw5UkB5S37gFJQDcHCYbiGRZIsbyKFreI'}","AI is no replacement for natural stupidity? With the rush to AI everything do we run the risk of screwing up by following the sheeple into AIA recent research paper set out to look for cognitive decline in the AI algorithms. AND shockingly it was found and confirmed. AI is geting dumber the more it learns.Stands to reason after all when AI is learning from humans. Coupled by learning from content already created by AISo the questions is, could not using AI actually benefit you and your company as you still stand out by the fact it's unique and not AI. hashtag#AI hashtag#smallbusiness",No comments
"{'name': 'N/A', 'profile_url': 'N/A'}","Agentic AI is a red hot topic: It's evolving rapidly and much-discussed area within AI, technology, and business where ever I have been in the past few months. People working in these fields please share your experience. hashtag#AgenticAI hashtag#AI hashtag#ArtificialIntelligence hashtag#FutureofWork hashtag#Innovation hashtag#AgenticAI hashtag#AutonomousAgents hashtag#AutonomousDecisionMaking hashtag#AIPlanning hashtag#MachineLearning hashtag#crewai hashtag#langchain hashtag#openai hashtag#chatgpt hashtag#perplexityai hashtag#midjourneyai hashtag#dalleai",No comments
"{'name': 'N/A', 'profile_url': 'https://www.linkedin.com/in/ajitcodes?miniProfileUrn=urn%3Ali%3Afsd_profile%3AACoAADMw5UkB5S37gFJQDcHCYbiGRZIsbyKFreI'}","Master Artificial Intelligence with Beautiful Handwritten Notes! âœï¸ğŸ¤–Unlock AI concepts with clarity and ease: âœ… Neatly structured explanations âœ… Easy-to-understand diagrams âœ… Covers ML, Deep Learning, NLP & more Free Courses you will regret not taking in 2025 ğŸ‘‡:ğŸ”¥7000+ free courses free access: https://lnkd.in/gtjrrqwi1. Google data Analytics:â†’ https://lnkd.in/gBjbwiZW2. Google Project Management:â†’ https://lnkd.in/d-nTbsxA3. Foundations of Project Management: â†’ https://lnkd.in/g-XJuJBi4. Google Introduction to Generative AI: â†’ https://lnkd.in/gwaWewce5. Google Cybersecurity: â†’ https://lnkd.in/gRDM9Z-u6. Google UX Design:â†’ https://lnkd.in/dVBDiUXX 7. Google Digital Marketing & E-commerce:â†’ https://lnkd.in/dm6WuNYR 8. Google IT Support:â†’ https://lnkd.in/dbJvRjed9. Web Applications for Everybody Specialization: â†’ https://lnkd.in/dXD6J5gr10. Get Started with Python:â†’ https://lnkd.in/dghiBatd11. Learn Python Basics for Data Analysis:â†’ https://lnkd.in/d_rR29MN12. Google Advanced Data Analytics Capstoneâ†’ https://lnkd.in/dpY9VCgfDownload This complete PDF From Telegram: https://t.me/CodeNotebook",No comments
"{'name': 'N/A', 'profile_url': 'https://www.linkedin.com/in/ajitcodes?miniProfileUrn=urn%3Ali%3Afsd_profile%3AACoAADMw5UkB5S37gFJQDcHCYbiGRZIsbyKFreI'}","AI is no replacement for natural stupidity? With the rush to AI everything do we run the risk of screwing up by following the sheeple into AIA recent research paper set out to look for cognitive decline in the AI algorithms. AND shockingly it was found and confirmed. AI is geting dumber the more it learns.Stands to reason after all when AI is learning from humans. Coupled by learning from content already created by AISo the questions is, could not using AI actually benefit you and your company as you still stand out by the fact it's unique and not AI. hashtag#AI hashtag#smallbusiness",No comments
"{'name': 'N/A', 'profile_url': 'N/A'}","Agentic AI is a red hot topic: It's evolving rapidly and much-discussed area within AI, technology, and business where ever I have been in the past few months. People working in these fields please share your experience. hashtag#AgenticAI hashtag#AI hashtag#ArtificialIntelligence hashtag#FutureofWork hashtag#Innovation hashtag#AgenticAI hashtag#AutonomousAgents hashtag#AutonomousDecisionMaking hashtag#AIPlanning hashtag#MachineLearning hashtag#crewai hashtag#langchain hashtag#openai hashtag#chatgpt hashtag#perplexityai hashtag#midjourneyai hashtag#dalleai",No comments
"{'name': 'N/A', 'profile_url': 'https://www.linkedin.com/in/ajitcodes?miniProfileUrn=urn%3Ali%3Afsd_profile%3AACoAADMw5UkB5S37gFJQDcHCYbiGRZIsbyKFreI'}","Artificial Intelligence in 2025 is Wild.Machines that think, create and collaborate - like humans, but faster.Want to know how?I have unpacked 10 groundbreaking AI innovations that could shape our future, explaining what they are and how they workDive in and tell me, which one blows your mind the most and what topic sparks your curiosity to learn further?hashtag#ArtificialIntelligence hashtag#GenerativeAI hashtag#AIAgent hashtag#LearningAI hashtag#AI hashtag#MachineLearning hashtag#DeepLearning hashtag#GPT hashtag#ML hashtag#AgenticAI",No comments
"{'name': 'N/A', 'profile_url': 'https://www.linkedin.com/in/ricspear?miniProfileUrn=urn%3Ali%3Afsd_profile%3AACoAACmfAjYBygmW_x2n7Isiavvd14AopnDo3g8'}","ğŸš€ Exploring Artificial Intelligence (AI) ğŸ¤–AI is changing the world! From voice assistants to self-driving cars, it's making life easier and smarter. But how does it work? Where is it used? And what does the future hold?hashtag#ArtificialIntelligence hashtag#AI hashtag#FutureTech hashtag#TechForAll",No comments
"{'name': 'N/A', 'profile_url': 'https://www.linkedin.com/in/ricspear?miniProfileUrn=urn%3Ali%3Afsd_profile%3AACoAACmfAjYBygmW_x2n7Isiavvd14AopnDo3g8'}","AI is evolving fast, but have you ever wondered what actually makes it smart? The secret lies in something called ""Parameters"", that shape AIâ€™s intelligence!Do watch the full video for detailed breakdown.https://lnkd.in/ga5CCWr4.......hashtag#ai hashtag#artificialintelligence hashtag#llm hashtag#largelanguagemodel hashtag#openai hashtag#chatgpt hashtag#machinelearning hashtag#techexplained hashtag#deeplearning hashtag#aiexplained",No comments
"{'name': 'N/A', 'profile_url': 'https://www.linkedin.com/in/ajitcodes?miniProfileUrn=urn%3Ali%3Afsd_profile%3AACoAADMw5UkB5S37gFJQDcHCYbiGRZIsbyKFreI'}","Master Artificial Intelligence with Beautiful Handwritten Notes! âœï¸ğŸ¤–Unlock AI concepts with clarity and ease: âœ… Neatly structured explanations âœ… Easy-to-understand diagrams âœ… Covers ML, Deep Learning, NLP & more Free Courses you will regret not taking in 2025 ğŸ‘‡:ğŸ”¥7000+ free courses free access: https://lnkd.in/gtjrrqwi1. Google data Analytics:â†’ https://lnkd.in/gBjbwiZW2. Google Project Management:â†’ https://lnkd.in/d-nTbsxA3. Foundations of Project Management: â†’ https://lnkd.in/g-XJuJBi4. Google Introduction to Generative AI: â†’ https://lnkd.in/gwaWewce5. Google Cybersecurity: â†’ https://lnkd.in/gRDM9Z-u6. Google UX Design:â†’ https://lnkd.in/dVBDiUXX 7. Google Digital Marketing & E-commerce:â†’ https://lnkd.in/dm6WuNYR 8. Google IT Support:â†’ https://lnkd.in/dbJvRjed9. Web Applications for Everybody Specialization: â†’ https://lnkd.in/dXD6J5gr10. Get Started with Python:â†’ https://lnkd.in/dghiBatd11. Learn Python Basics for Data Analysis:â†’ https://lnkd.in/d_rR29MN12. Google Advanced Data Analytics Capstoneâ†’ https://lnkd.in/dpY9VCgfDownload This complete PDF From Telegram: https://t.me/CodeNotebook",No comments
"{'name': 'N/A', 'profile_url': 'https://www.linkedin.com/in/ajitcodes?miniProfileUrn=urn%3Ali%3Afsd_profile%3AACoAADMw5UkB5S37gFJQDcHCYbiGRZIsbyKFreI'}","AI is no replacement for natural stupidity? With the rush to AI everything do we run the risk of screwing up by following the sheeple into AIA recent research paper set out to look for cognitive decline in the AI algorithms. AND shockingly it was found and confirmed. AI is geting dumber the more it learns.Stands to reason after all when AI is learning from humans. Coupled by learning from content already created by AISo the questions is, could not using AI actually benefit you and your company as you still stand out by the fact it's unique and not AI. hashtag#AI hashtag#smallbusiness",No comments
"{'name': 'N/A', 'profile_url': 'N/A'}","Agentic AI is a red hot topic: It's evolving rapidly and much-discussed area within AI, technology, and business where ever I have been in the past few months. People working in these fields please share your experience. hashtag#AgenticAI hashtag#AI hashtag#ArtificialIntelligence hashtag#FutureofWork hashtag#Innovation hashtag#AgenticAI hashtag#AutonomousAgents hashtag#AutonomousDecisionMaking hashtag#AIPlanning hashtag#MachineLearning hashtag#crewai hashtag#langchain hashtag#openai hashtag#chatgpt hashtag#perplexityai hashtag#midjourneyai hashtag#dalleai",No comments
"{'name': 'N/A', 'profile_url': 'https://www.linkedin.com/in/ajitcodes?miniProfileUrn=urn%3Ali%3Afsd_profile%3AACoAADMw5UkB5S37gFJQDcHCYbiGRZIsbyKFreI'}","Artificial Intelligence in 2025 is Wild.Machines that think, create and collaborate - like humans, but faster.Want to know how?I have unpacked 10 groundbreaking AI innovations that could shape our future, explaining what they are and how they workDive in and tell me, which one blows your mind the most and what topic sparks your curiosity to learn further?hashtag#ArtificialIntelligence hashtag#GenerativeAI hashtag#AIAgent hashtag#LearningAI hashtag#AI hashtag#MachineLearning hashtag#DeepLearning hashtag#GPT hashtag#ML hashtag#AgenticAI",No comments
"{'name': 'N/A', 'profile_url': 'https://www.linkedin.com/in/ricspear?miniProfileUrn=urn%3Ali%3Afsd_profile%3AACoAACmfAjYBygmW_x2n7Isiavvd14AopnDo3g8'}","ğŸš€ Exploring Artificial Intelligence (AI) ğŸ¤–AI is changing the world! From voice assistants to self-driving cars, it's making life easier and smarter. But how does it work? Where is it used? And what does the future hold?hashtag#ArtificialIntelligence hashtag#AI hashtag#FutureTech hashtag#TechForAll",No comments
"{'name': 'N/A', 'profile_url': 'https://www.linkedin.com/in/ricspear?miniProfileUrn=urn%3Ali%3Afsd_profile%3AACoAACmfAjYBygmW_x2n7Isiavvd14AopnDo3g8'}","AI is evolving fast, but have you ever wondered what actually makes it smart? The secret lies in something called ""Parameters"", that shape AIâ€™s intelligence!Do watch the full video for detailed breakdown.https://lnkd.in/ga5CCWr4.......hashtag#ai hashtag#artificialintelligence hashtag#llm hashtag#largelanguagemodel hashtag#openai hashtag#chatgpt hashtag#machinelearning hashtag#techexplained hashtag#deeplearning hashtag#aiexplained",No comments
"{'name': 'N/A', 'profile_url': 'N/A'}","Artificial Intelligence (AI) and Machine Learning (ML). Artificial intelligence refers to any system that is capable of performing tasks in ways we would consider intelligent. However, it's fundamentally different from human intelligence. Machine learning is a subset of artificial intelligence and refers to algorithms that learn from data. Thank you, NTT DATA, Inc.",No comments
"{'name': 'N/A', 'profile_url': 'https://www.linkedin.com/in/ricspear?miniProfileUrn=urn%3Ali%3Afsd_profile%3AACoAACmfAjYBygmW_x2n7Isiavvd14AopnDo3g8'}","ğ€ğˆ ğ¢ğ§ ğ€ğğ¯ğğ«ğ­ğ¢ğ¬ğ¢ğ§ğ : ğ“ğ¡ğ ğ’ğ®ğ«ğ©ğ«ğ¢ğ¬ğ¢ğ§ğ  ğ–ğšğ²ğ¬ ğğ¢ğ  ğ“ğğœğ¡ ğ¢ğ¬ ğ‘ğğ¯ğ¨ğ¥ğ®ğ­ğ¢ğ¨ğ§ğ¢ğ³ğ¢ğ§ğ  ğ€ğ ğ’ğ­ğ«ğšğ­ğğ ğ¢ğğ¬Artificial intelligence (AI) has become every marketerâ€™s best friend. Itâ€™s that everywhere; itâ€™s not just a trend anymoreâ€”people are really starting to use it a lot. 99% of marketers use AI every day, and 91% integrate AI into their daily work routines. Thatâ€™s a lot! AI in advertising is no exception. Big tech giants like Meta, Coca-Cola, Amazon, and Google use AI to create designs and ads that better serve their customer base.If these companies use AI for ads, does that mean advertisers will be no longer needed? How can businesses use AI to improve leads? Importantly, what does the future look like? This article answers all your questions, so read on.ğ‘ğğšğ ğ‚ğ¨ğ¦ğ©ğ¥ğğ­ğ ğ€ğ«ğ­ğ¢ğœğ¥ğ: https://lnkd.in/dADhh2YGhashtag#AIadtargeting hashtag#AIinadvertising hashtag#digitaladvertising hashtag#optimizeadvertising",No comments
"{'name': 'N/A', 'profile_url': 'https://www.linkedin.com/in/nagz?miniProfileUrn=urn%3Ali%3Afsd_profile%3AACoAAALRdj4Bmb4E0x3oAOWdm16PKYcPjAQRKwc'}","AI is no longer the future â€¦ itâ€™s the â€˜NOWâ€™!From self-learning systems to machines those create, the world of Artificial Intelligence is evolving at a staggering pace. But beneath the buzzwords lies a layered ecosystem, from the foundational concepts of Machine Learning and Neural Networks to the exciting promise of Generative AI and the elusive goal of AGI.What fascinates me most is not just the intelligence, but the explainability - can we trust what we donâ€™t understand? Enter XAI, a critical bridge between algorithmic power and human judgment.This is indeed a powerful snapshot by Denis Panjuta, of the AIâ€™s key pillars â€¦â€¦ worth saving and revisiting as the landscape continues to shift. hashtag#AI hashtag#ML hashtag#AGI hashtag#DeepLearning hashtag#XAI hashtag#GenerativeAI hashtag#FutureOfTech hashtag#HumanMachineCollaboration",No comments
"{'name': 'N/A', 'profile_url': 'https://www.linkedin.com/in/nagz?miniProfileUrn=urn%3Ali%3Afsd_profile%3AACoAAALRdj4Bmb4E0x3oAOWdm16PKYcPjAQRKwc'}","AI in a Nutshell 1. Artificial General Intelligence (AGI) â€“ Theoretical AI that mimics human intelligence, capable of reasoning, learning, and self-improvement.2. Explainable AI (XAI) â€“ Ensures AI decisions are interpretable, bridging the gap between machine predictions and human understanding.3. Artificial Intelligence (AI) â€“ Technologies that enable machines to think, learn, and act like humans in various applications.4. Machine Learning (ML) â€“ AI systems that improve through experience, utilizing supervised, unsupervised, and reinforcement learning techniques.5. Neural Networks â€“ Computational models inspired by biological brains, enabling pattern recognition and complex decision-making.6. Deep Learning â€“ Advanced ML using hierarchical networks to process vast data, powering AI applications like speech recognition and image analysis.7. Generative AI â€“ AI models that generate text, images, and other creative content, leveraging language models, transformers, and self-attention mechanisms.[Explore more in the post]If you found this helpful donâ€™t forget to save this for later and comment your thoughts.Join my newsletter or send me a DM ""Newsletterâ€ for more posts like this.Follow Denis Panjuta on Linkedin : https://lnkd.in/eUHjTBUi",No comments
